sorgente,domanda,corretta,errata_1,errata_2,errata_3
IngegneriaScienzeInformatiche/index.txt,Qual è il tipo di accesso numero programmato utilizzato per questo corso?,A. TOLC-I,B. TOLC-II,C. TOLC-III,D. TOLC-IV
IngegneriaScienzeInformatiche/coordinatore-consiglio/index.txt,Qual è la principale funzione del Coordinatore del Corso?,A. La pianificazione degli indirizzi del Consiglio.,B. La gestione dei rapporti con i Dipartimenti.,C. La formulanza di proposte in tema di organizzazione della didattica.,D. La previsione dei calendari e delle commissioni degli esami di laurea.
IngegneriaScienzeInformatiche/collaborazione-tra-aziende-e-i-corsi-di-laurea-in-ingegneria-e-scienze-informatiche/index.txt,Qual è la durata del tirocinio curriculare?,A. 150 ore,B. 3 mesi,C. 6 mesi,D. 9 mesi
3_IngegneriaScienzeInformatiche/collaborazione-tra-aziende-e-i-corsi-di-laurea-in-ingegneria-e-scienze-informatiche/istruzioni-per-la-pubblicazione-di-offerte-di-lavoro-tirocini-tesi-rev-1-4.pdf/@@download/file/Istruzioni%20per%20la%20Pubblicazione%20di%20Offerte%20di%20Lavoro-Tirocini-Tesi%20-%20Rev.1.4.pdf.txt,vuoto,vuoto,vuoto,vuoto,vuoto
IngegneriaScienzeInformatiche/conciliare-studio-e-lavoro/index.txt,Qual è il periodo in cui si può presentare domanda per ottenere lo status di studente lavoratore?,"A. Dal 4 settembre al 4 ottobre 2024, o dal 19 dicembre 2024 al 31 gennaio 2025","B. Dal 1º luglio al 31 agosto 2024, o dal 1º marzo al 31 maggio 2025","C. Dal 1º agosto al 31 agosto 2024, o dal 1º ottobre al 31 ottobre 2024","D. Dal 1º agosto al 31 agosto 2024, o dal 1º ottobre al 31 ottobre 2024"
IngegneriaScienzeInformatiche/iscriversi-al-corso/index.txt,Qual è il periodo in cui si possono iscrivere alla selezione II per l'accesso al corso?,A. Dal 02/05/2024 al 15/07/2023 alle 13:00.,B. Dal 04/03/2024 al 30/04/2024 alle 13:00.,C. Dal 01/01/2023 al 29 aprile 2024 alle 13:00.,D. Dal 01/01/2023 al 12 luglio 2024 alle 13:00.
IngegneriaScienzeInformatiche/iscriversi/index.txt,Qual è il corso di laurea in Ingegneria Scienze Informatiche?,"A. Il corso di laurea in Ingegneria Scienze Informatiche fornisce un'ampia formazione in diverse aree di specializzazione, tra cui la programmazione, la gestione di sistemi e la teoria dei sistemi.",B. Il corso di laurea in Ingegneria Scienze Informatiche richiede molta esperienza universitaria.,C. Il corso di laurea in Ingegneria Scienze Informatiche è dedicato alla formazione di informatici.,D. Il corso di laurea in Ingegneria Scienze Informatiche richiede un'alta quota di accesso alle università.
IngegneriaScienzeInformatiche/il-corso/8615_regolamento-didattico-a-a-2024_2025.pdf.txt,Qual è l'obiettivo principale del piano didattico del corso di laurea?,A. Demonstrar la capacità di applicare e comunicare le conoscenze acquisite nel Corso di Studio stesso.,B. Confermare la validità del corso di laurea.,C. Promuovere la sostenibilità dell’offerta didattica.,D. Garantire la qualità e la fiducia nell’organizzazione del corso di laurea.
IngegneriaScienzeInformatiche/il-corso/index.txt,Qual è l'obiettivo principale del corso di Ingegneria Scienze Informatiche?,A. Descrivere la struttura del corso.,B. Elencare le materie del corso.,C. Definire l'organizzazione del corso.,D. Presentare le modalità di accesso al corso.
IngegneriaScienzeInformatiche/come-ridurre-i-costi-usare-i-servizi-e-vivere-al-meglio-mentre-studi/index.txt,Qual è il principale servizio pensato per supportare gli studenti nel loro percorso universitario?,A. La mia e-mail Studenti,B. La mia e-mail Personale,C. Il mio portale,D. Il servizio online
IngegneriaScienzeInformatiche/contatti_order=alphabetic/index.txt,Qual è l'indirizzo della sede del corso in Cesena?,"A. Via Montalti 69, 47521 Cesena (FC)",B. Via Zamboni 33 - 40126 Bologna BO,"C. Palazzo Urbinati - Via Montalti 69, 47521 Cesena (FC)",D. Indirizzo non presente nel testo
IngegneriaScienzeInformatiche/richiesta-riconoscimento-attivita-lavorativa-o-extra-universitaria-in-sostituzione-del-tirocinio/index.txt,Qual è la normativa per la presentazione della richiesta di riconoscimento attività lavorativa o extra-universitaria in sostituzione del tirocinio?,A. La normativa per la presentazione della richiesta di riconoscimento attività lavorativa o extra-universitaria in sostituzione del tirocinio è definita nell’articolo 12 del Regolamento universitario.,B. La normativa per la presentazione della richiesta di riconoscimento attività lavorativa o extra-universitaria in sostituzione del tirocinio è definita nell’art. 13 del Regolamento universitario.,C. La normativa per la presentazione della richiesta di riconoscimento attività lavorativa o extra-universitaria in sostituzione del tirocinio è definita nell’art. 14 del Regolamento universitario.,D. La normativa per la presentazione della richiesta di riconoscimento attività lavorativa o extra-universitaria in sostituzione del tirocinio è definita nell’art. 15 del Regolamento universitario.
IngegneriaScienzeInformatiche/cosa-dicono-i-nostri-studenti/index.txt,Qual è il principale vantaggio del corso di Ingegneria Scienze Informatiche secondo l'autore?,A. La possibilità di continuare un eventuale corso magistrale.,B. La possibilità di lavorare dopo il corso.,C. La possibilità di studiare l'informatica come si fa nel resto d'Europa.,D. La possibilità di ottenere una buona base per intraprendere un percorso lavorativo.
IngegneriaScienzeInformatiche/iscriversi-ad-anni-successivi-al-primo/index.txt,Qual è il periodo in cui devi iscriverti al corso di studio?,A. Fino al conseguimento del titolo accademico.,B. Fino al pagamento della prima rata.,C. Fino alla scadenza della domanda di rinnovo.,D. Fino alla fine del corso di studio.
IngegneriaScienzeInformatiche/opportunita/index.txt,Qual è il servizio universitario che fornisce informazioni sull'organizzazione degli eventi e attività studentesche?,A. Studiare all'estero,B. Borse di studio e agevolazioni,C. Mense e punti di ristoro,D. Trasorti e mobilità
IngegneriaScienzeInformatiche/il-progetto-ingegneria-e-scienze-informatiche/index.txt,Qual è la possibilità di iniziare un percorso di specializzazione verso tematiche di specifico interesse dello studente in questo corso?,A. Ampia scelta di corsi complementari in numerosi ambiti.,B. Limitata scelta di corsi complementari.,C. Corso di laurea magistrale obbligatorio.,D. Corso di laurea magistrale opzionale.
IngegneriaScienzeInformatiche/il-progetto-ingegneria-e-scienze-informatiche/ingegneria-e-sc-informatiche.pdf/@@download/file/Ingegneria%20e%20Sc%20informatiche.pdf.txt,Qual è l'obiettivo principale del corso di laurea in Ingegneria e Scienze Informatiche?,A. Fornire una cultura scientifica e ingegneristica di base e una conoscenza approfondita delle tecniche e metodologie di progettazione e di strumenti attuali per la realizzazione di soluzioni informatiche.,B. Preparare gli studenti per il lavoro nel campo dell'informatica.,C. Fornire conoscenze approfondite e professionalizzanti in specifici settori dell’informatica.,D. Fornire una cultura scientifica di base e un metodo di analisi e di studio scientifici che permettono allo studente di costruire autonomamente nuove conoscenze.
IngegneriaScienzeInformatiche/esplora-il-corso/index.txt,Qual è l'obiettivo del corso di Ingegneria Scienze Informatiche?,A. Fornire una cultura scientifica e ingegneristica di base e una conoscenza approfondita delle tecniche e metodologie di progettazione e degli strumenti più attuali per la realizzazione di soluzioni informatiche.,"B. Studiare l'informatica sia dal punto di vista matematico/scientifico, sia da quello progettuale/ingegneristico.",C. Conoscere le metodologie di progettazione e le tecnologie informatiche più attuali per la realizzazione di soluzioni informatiche.,D. Per ottenere un diploma di laurea in Informatica.
IngegneriaScienzeInformatiche/rappresentanti-studenti/index.txt,Qual è il periodo di elezione dei rappresentanti degli studenti per il corso di Studio in Ingegneria e Scienze Informatiche?,A. Periodicamente gli studenti del Corso eleggono i propri rappresentanti per proporre e sostenere le proprie istanze presso il Consiglio di Corso.,B. Il periodo di elezione dei rappresentanti degli studenti è annuale.,C. Il periodo di elezione dei rappresentanti degli studenti è quadrimestrale.,D. Il periodo di elezione dei rappresentanti degli studenti è biennale.
IngegneriaScienzeInformatiche/commissioni/index.txt,Qual è il compito della Commissione di gestione Assicurazione di Qualità del Corso?,A. Verificare l'attuazione delle azioni di miglioramento e monitorare l'andamento delle carriere degli studenti.,B. Conddivere con il Consiglio di Corso i risultati del monitoraggio svolto.,C. Organizzare iniziative volte a far conoscere con maggiore chiarezza i contenuti formativi del Corso.,D. Valutare le richieste di passaggi e trasferimenti al Corso di studio.
IngegneriaScienzeInformatiche/docenti/index.txt,Qual è il nome del docente inserito nel testo?,A. Non inserito nel testo,B. Andrea Amidei,C. Marco Antonio Boschetti,D. Giovanni Delnevo
IngegneriaScienzeInformatiche/ordinamento-a-a-2024-25/index.txt,Qual è l'obiettivo principale del nuovo ordinamento didattico del Corso di Laurea in Ingegneria e scienze informatiche?,A. La conservazione della struttura del corso,B. Potenziare le competenze in certi ambiti emergenti,C. Sviluppare competenze trasversali per lavorare in team,D. Trasformare l’insegnamento al primo anno di Inglese da B1 a B2
IngegneriaScienzeInformatiche/ordinamento-a-a-2024-25/obiettiviformativi.pdf/@@download/file/ObiettiviFormativi.pdf.txt,Il laureato è in grado di eseguire...,A. Il laureato è in grado di eseguire...,B. Il laureato è in grado di eseguire...,C. Il laureato è in grado di eseguire...,D. Il laureato è in grado di eseguire...
IngegneriaScienzeInformatiche/ordinamento-a-a-2024-25/figureprofessionali.pdf/@@download/file/FigureProfessionali.pdf.txt,Qual è la principale funzione del corso di laurea in Ingegneria e Scienze Informatiche?,"A. Progettare, sviluppare e gestire sistemi e applicazioni in ambito informatico",B. Sviluppare applicazioni web,C. Progettare sistemi operativi,D. Amministrare sistemi informatici
IngegneriaScienzeInformatiche/utilizzo-del-marchio-di-ateneo-nella-prova-finale/index.txt,Qual è il nuovo regolamento per l'uso del Marchio dell'Ateneo?,A. Il nuovo regolamento consente di inserire il marchio sulla copertina e sul frontespizio della prova finale.,B. Il nuovo regolamento consente di inserire il marchio sull'interno della prova finale.,C. Il nuovo regolamento consente di inserire il marchio su qualsiasi parte della prova finale.,D. Il nuovo regolamento consente di inserire il marchio sull'invito alla prova finale.
IngegneriaScienzeInformatiche/openday/index.txt,Qual è l'evento che è stato recentemente aperto?,A. Il corso di laurea in Ingegneria e Scienze Informatiche e del Corso di laurea a orientamento professionale in Tecnologie dei Sistemi Informatici,B. Il corso di laurea in Scienze Informatiche,C. Il corso di laurea in Ingegneria,D. Il corso di laurea in Tecnologie dei Sistemi Informatici
IngegneriaScienzeInformatiche/segreterie-e-uffici/index.txt,Qual è il principale compito della segreteria studentesca in questo contesto?,A. La gestione delle carriere degli studenti iscritti al Corso.,B. Il rilascio di certificati e duplicati.,C. Il controllo delle tasse universitarie.,D. La domanda di ammissione all'esame di laurea.
IngegneriaScienzeInformatiche/tirocini-curriculari/index.txt,Qual è la durata del tirocinio curriculare?,A. La durata del tirocinio curriculare è pari a 25 ore per ogni credito formativo attribuito a questo tipo di attività nel piano didattico del Corso.,B. La durata del tirocinio curriculare è pari a 20 ore per ogni credito formativo attribuito a questo tipo di attività nel piano didattico del Corso.,C. La durata del tirocinio curriculare è pari a 30 ore per ogni credito formativo attribuito a questo tipo di attività nel piano didattico del Corso.,D. La durata del tirocinio curriculare è pari a 40 ore per ogni credito formativo attribuito a questo tipo di attività nel piano didattico del Corso.
IngegneriaScienzeInformatiche/tirocini-curriculari/schema-riassuntivo-ingegneria-e-scienze-informatiche.pdf/@@download/file/Schema%20riassuntivo%20Ingegneria%20e%20scienze%20informatiche.pdf.txt,Qual è l’obiettivo principale di questo corso di tirocinio?,A. Caricare la domanda di tirocinio su https://tirocini.unibo.it,B. Confermare la validità dell’offerta formativa.,C. Confermare la natura convenzionata dell’azienda.,D. Inserire la relazione finale del tirocinio.
IngegneriaScienzeInformatiche/tirocini-curriculari/regolamento-tirocini-2020-2.pdf/@@download/file/Regolamento%20tirocini%202020%20(2).pdf.txt,Il presente regolamento contiene quali tipi di tirocini curriculari?,"a) tirocinio curriculare, tirocinio in preparazione della prova finale, tirocinio professionalizzante post laurea","b) tirocinio obbligatorio, tirocinio voluntario, tirocinio di ricerca","c) tirocinio di laurea, tirocinio di dottorato, tirocinio post laurea","d) tirocinio di laurea, tirocinio di dottorato, tirocinio post laurea e tirocinio professionalizzante post laurea"
IngegneriaScienzeInformatiche/tirocini-curriculari/manuale-tirocinanti_2022.pdf/@@download/file/Manuale%20Tirocinanti_2022.pdf.txt,Qual è l'obiettivo principale del tirocinio curriculare?,A. Aquire competenze professionalizzanti attraverso l'esecuzione di attività pratiche.,B. Completare la formazione teorico - pratica.,C. Orientare e favorire le scelte professionali.,D. Promuovere la formazione universitaria.
IngegneriaScienzeInformatiche/tirocini-curriculari/linee-guida-relazione-finale-di-tirocinio-ingegneria-e-scienze-informatiche_.pdf/@@download/file/Linee%20guida%20relazione%20finale%20di%20tirocinio%20Ingegneria%20e%20scienze%20informatiche_.pdf.txt,Qual è lo scopo della relazione di tirocinio in questo corso?,A. Illustrare il contesto in cui è stato effettuato il tirocinio e elencare le attività svolte.,B. Descrivere la struttura della relazione di tirocinio.,C. Valutare complessivamente l’esperienza in termini dei contenuti appresi.,D. Inserire la relazione di tirocinio in applicativo tirocini online.
IngegneriaScienzeInformatiche/risultati-di-apprendimento-attesi/index.txt,Qual è la principale funzione del laureato in questo corso?,A. Conoscere e applicare conoscenze e competenze di comprensione.,B. Svolgere progetti di ricerca.,C. Realizzare sistemi informatici.,D. Progettare e sviluppare nuove tecnologie informatiche.
IngegneriaScienzeInformatiche/faq/index.txt,Qual è il titolo di studio rilasciato al termine di un corso di studio in Ingegneria e Scienze Informatiche?,A. Dottore in Ingegneria e Scienze Informatiche,B. Dottore in Scienze Informatiche,C. Dottore in Ingegneria,D. Dottore in Scienze e Tecnologie Informatiche
IngegneriaScienzeInformatiche/calcolo-della-media-di-laurea-per-laureandi-con-carriera-pregressa-seconda-laurea-rinuncia-decadenza/index.txt,Qual è il nuovo calcolo della media di laurea per laureandi con carriera pregressa?,A. Il nuovo calcolo della media di laurea per laureandi con carriera pregressa utilizza l'es exclusione dei voti delle attività riconosciute da precedenti carriere già chiuse.,B. Il nuovo calcolo della media di laurea per laureandi con carriera pregressa utilizza l'es exclusione dei voti delle attività formative conseguite nell’ambito dello stesso corso di studio in cui si consegue il titolo finale.,C. Il nuovo calcolo della media di laurea per laureandi con carriera pregressa utilizza l'es exclusione dei voti delle attività extracurriculari.,D. Il nuovo calcolo della media di laurea per laureandi con carriera pregressa utilizza l'es exclusione dei voti delle attività di ricerca.
IngegneriaScienzeInformatiche/come-assolvere-ofa/index.txt,Qual è l'obiettivo della verifica delle conoscenze nell'iscrizione al corso?,A. Verificare che il candidato non abbia carenze significative in particolari discipline per cui è richiesta un'adeguata preparazione per affrontare con profitto il Corso.,B. Verificare che il candidato abbia raggiunto la media di ammissione del corso.,C. Verificare che il candidato abbia raggiunto la quota di iscrizione al corso.,D. Verificare che il candidato abbia raggiunto la quota di iscrizione al corso in tempo utile.
IngegneriaScienzeInformatiche/obiettivi/index.txt,Qual è l'obiettivo principale del corso di laurea in Informatica?,A. L'apprendimento dei principi dell'ingegneria del software,B. La conoscenza delle principali tecnologie hardware e software,C. La conoscenza delle basi di dati e sistemi informativi,D. La conoscenza della lingua inglese
IngegneriaScienzeInformatiche/redazione-tesi-voto-finale/index.txt,Qual è il processo per ottenere la laurea in Ingegneria Scienze Informatiche?,A. Adhere strictamente alle linee guida per la redazione della tesi in Lingua Italiana.,B. Confermare la validità della tesi con il docente.,C. Demonstrar la conoscenza della bibliografia sull'argomento.,D. Seguire le norme per la formattazione dell'elaborato in PDF.
38_IngegneriaScienzeInformatiche/redazione-tesi-voto-finale/frontespizioltisi.pdf/@@download/file/FrontespizioLTISI.pdf.txt,vuoto,vuoto,vuoto,vuoto,vuoto
IngegneriaScienzeInformatiche/appelli/index.txt,Qual è la durata della prova scritta per la materia di Ingegneria del Software?,A. 40 minuti,B. 20 minuti,C. 60 minuti,D. 80 minuti
IngegneriaScienzeInformatiche/calendario-didattico-1/index.txt,Qual è la durata del secondo periodo di esami del corso?,A. Dal 03/06/2024 all'inizio delle lezioni dell'a. a.\xa02024/25 (settembre 2024),B. Dal 11/06/2024 all'inizio delle lezioni dell'a. a.\xa02025/26 (settembre 2025),C. Dal 19/12/2024 al 14/02/2025,D. Dal 17/02/2025 al 10/06/2025
IngegneriaScienzeInformatiche/muoversi-in-citta-agevolazioni-e-sostenibilita-per-la-comunita-unibo/index.txt,Qual è l'obiettivo principale del programma 'Muoversi in città: agevolazioni e sostenibilità per la comunità Unibo'?,A. Promuovere la sostenibilità della mobilità universitaria.,B. Riducere il tempo di viaggio per gli studenti.,C. Offrire nuove opportunità di lavoro agli studenti.,D. Promuovere la sicurezza della strada per gli studenti.
42_IngegneriaScienzeInformatiche/materiale-di-orientamento-per-gli-studenti-delle-scuole-superiori/index.txt,vuoto,vuoto,vuoto,vuoto,vuoto
IngegneriaScienzeInformatiche/materiale-di-orientamento-per-gli-studenti-delle-scuole-superiori/almaorienta_lt_isi-1.pdf.txt,Qual è l'obiettivo del corso di Ingegneria e Scienze Informatiche?,A. Proporre agli studenti lo studio dell’informatica approfondendo aspetti sia di tipo progettuale/ingegneristico che di tipo matematico/scientifico.,B. Proporre agli studenti la conoscenza di basi di informatica.,C. Proporre agli studenti la conoscenza di linguaggi di programmazione.,D. Proporre agli studenti la conoscenza di sistemi operativi.
IngegneriaScienzeInformatiche/materiale-di-orientamento-per-gli-studenti-delle-scuole-superiori/faq-ingegneria-e-scienze-informatiche-cesena.pdf.txt,"Qual è la differenza tra “Ingegneria Informatica” (BO), “Informatica” ( BO) e “Ingegneria e Scienze Informatiche”?","A. Il corso di Ingegneria Informatica utilizza un maggior numero di esami quali “Elettronica”, “Controlli Automatici”, “Elettrotecnica”, mentre il corso di Informatica utilizza un maggior numero di esami legato all’Informatica teorica e alla modellazione formale di sistemi.",B. Il corso di Ingegneria e Scienze Informatiche utilizza un maggior numero di esami di base.,C. Il corso di Ingegneria Informatica utilizza un maggior numero di esami di specializzazione.,D. Il corso di Informatica utilizza un maggior numero di esami di laurea.
IngegneriaScienzeInformatiche/materiale-di-orientamento-per-gli-studenti-delle-scuole-superiori/intro_2021_lt_lp.pdf.txt,Qual è il corso di laurea triennale che si svolge in Cesena nel Dipartimento di Informatica – Scienza e Ingegneria?,A. Ingegneria e Scienze,B. Informatiche,C. Matematica,D. Fisica
IngegneriaScienzeInformatiche/prova-finale/3863eb3bacdc4e2aab7f78754e0bd326.txt,Qual è il requisito principale per complete la relazione finale del corso di laurea?,A. Deve essere frutto di approfondimento di un lavoro individuale.,B. Deve essere completato entro la scadenza dei requisiti richiesti per la laurea.,C. Deve includere una parte di analisi e una parte di progettazione.,D. Deve sviluppare il tema di approfondimento in modo articolato e completo.
IngegneriaScienzeInformatiche/prova-finale/index.txt,Qual è la validità della domanda di laurea?,A. La domanda di laurea è valida per un solo anno accademico.,B. La domanda di laurea è valida per due anni accademici.,C. La domanda di laurea è valida per tre anni accademici.,D. La domanda di laurea è valida per quattro anni accademici.
IngegneriaScienzeInformatiche/prova-finale/d0e98ad49c724132b17d9327808c96fe/@@download/file/il-diritto-autore-sulla-tesi-di-laurea.pdf.txt,Qual è il diritto d’autore sulla tesi di laurea?,"A. Il diritto d’autore sulla tesi, sia morali che patrimoniali, spettano al laureando.",B. Il diritto d’autore sulla tesi non è exorbitato dalla legge italiana.,C. Il diritto d’autore sulla tesi è exorbitato dalla normativa internazionale.,D. Il diritto d’autore sulla tesi è exorbitato dalla normativa europea.
IngegneriaScienzeInformatiche/prova-finale/3863eb3bacdc4e2aab7f78754e0bd326/@@download/file/Linee%20guida%20tesi%208615.pdf.txt,Qual è il requisito principale per complete la relazione finale del corso?,A. Deve essere frutto di approfondimento di un lavoro individuale.,B. Deve essere descritto in modo approfondito un tema.,C. Deve sviluppare il tema di approfondimento in modo articolato e completo.,D. Deve essere correttamente organizzata e completa.
IngegneriaScienzeInformatiche/prova-finale/istruzioni-ita.pdf/@@download/file/Istruzioni-ITA.pdf.txt,Qual è il formato del file della tesi?,"A. PDF testuale, con frontespizio, in base al modello fornito dal CdS","B. PDF testuale, con frontespizio, in base al modello fornito dal CdS, ma con protezione o password","C. PDF testuale, con frontespizio, in base al modello fornito dal CdS, con immagini a bassa risoluzione","D. PDF testuale, con frontespizio, in base al modello fornito dal CdS, con dimensioni superiori ai 30Mb"
51_IngegneriaScienzeInformatiche/insegnamenti/index.txt,vuoto,vuoto,vuoto,vuoto,vuoto
52_IngegneriaScienzeInformatiche/insegnamenti/_year=2024&code=8615/index.txt,vuoto,vuoto,vuoto,vuoto,vuoto
IngegneriaScienzeInformatiche/insegnamenti/piano/2024/8615/000/000/2023/index.txt,Qual è il periodo in cui si tengono le lezioni di un insegnamento di questo corso?,A. 18/09/2024 - 18/12/2024 2: 17/02/2025 - 10/06/2025 E: 18/09/2024 - 10/06/2025,B. Il periodo in cui si tengono le lezioni del corso precedente.,C. Il periodo in cui si terrono le lezioni del corso successivo.,D. Il periodo in cui si tengono le lezioni di un corso diverso.
IngegneriaScienzeInformatiche/insegnamenti/piano/2024/8615/000/000/2022/index.txt,Qual è il periodo in cui si tengono le lezioni di un insegnamento di questo corso?,A. 18/09/2024 - 18/12/2024 2: 17/02/2025 - 10/06/2025 E: 18/09/2024 - 10/06/2025,B. Il periodo in cui si tengono le lezioni del corso precedente.,C. Il periodo in cui si tengono le lezioni del corso successivo.,D. Il periodo in cui si tengono le lezioni del corso di laurea.
IngegneriaScienzeInformatiche/insegnamenti/piano/2024/8615/000/000/2024/index.txt,Qual è il periodo in cui si tengono le lezioni di alcuni corsi del secondo anno di corso?,E. 18/09/2024 - 10/06/2025,A. 18/09/2024 - 18/12/2024,B. 17/02/2025 - 10/06/2025,D. 18/09/2024 - 10/06/2025 e 17/02/2025 - 10/06/2025
IngegneriaScienzeInformatiche/orario-lezioni/index.txt,Qual è l'anno in cui si svolgeranno le lezioni del corso di laurea in Ingegneria e scienze informatiche?,A. Il 2024/2025,B. Il 2023/2024,C. Il 2022/2023,D. Il 2021/2022
57_IngegneriaScienzeInformatiche/orario-lezioni/matricole-classe-b-a-a-2023-2024_completo.pdf/@@download/file/Matricole%20Classe%20B%20-%20A.A.%202023.2024_completo.pdf.txt,vuoto,vuoto,vuoto,vuoto,vuoto
58_IngegneriaScienzeInformatiche/orario-lezioni/matricole-classe-a-a-a-2022-2023_completo.pdf/@@download/file/Matricole%20Classe%20A%20-%20A.A.%202022.2023_completo.pdf.txt,vuoto,vuoto,vuoto,vuoto,vuoto
59_IngegneriaScienzeInformatiche/orario-lezioni/matricole-classe-b-a-a-2021-2022_completo.pdf/@@download/file/Matricole%20Classe%20B%20-%20A.A.%202021.2022_completo.pdf.txt,vuoto,vuoto,vuoto,vuoto,vuoto
IngegneriaScienzeInformatiche/orario-lezioni/matricole-classe-a-a-a-2024-2025_completo.pdf/@@download/file/Matricole%20Classe%20A%20-%20A.A.%202024.2025_completo.pdf.txt,Qual è la natura del dataset descritto nel contesto?,A. Il dataset contiene dati sull'inscrizione alle matricole della classe A dell'anno scolastico 2024/2025.,B. Il dataset contiene dati sull'inscrizione alle matricole della classe B dell'anno scolastico 2024/2025.,C. Il dataset contiene dati sull'inscrizione alle matricole della classe C dell'anno scolastico 2024/2025.,D. Il dataset contiene dati sull'inscrizione alle matricole della classe D dell'anno scolastico 2024/2025.
61_IngegneriaScienzeInformatiche/orario-lezioni/linea6_uni.pdf/@@download/file/linea6_uni.pdf.txt,vuoto,vuoto,vuoto,vuoto,vuoto
62_IngegneriaScienzeInformatiche/orario-lezioni/matricole-classe-b-a-a-2024-2025_non-completo.pdf/@@download/file/Matricole%20Classe%20B%20-%20A.A.%202024.2025_non%20completo.pdf.txt,vuoto,vuoto,vuoto,vuoto,vuoto
63_IngegneriaScienzeInformatiche/orario-lezioni/matricole-classe-b-a-a-2022-2023_non_completo.pdf/@@download/file/Matricole%20Classe%20B%20-%20A.A.%202022.2023_non_completo.pdf.txt,vuoto,vuoto,vuoto,vuoto,vuoto
64_IngegneriaScienzeInformatiche/orario-lezioni/matricole-classe-a-a-a-2021-2022_non_completo.pdf/@@download/file/Matricole%20Classe%20A%20-%20A.A.%202021.2022_non_completo.pdf.txt,vuoto,vuoto,vuoto,vuoto,vuoto
65_IngegneriaScienzeInformatiche/orario-lezioni/matricole-classe-a-a-a-2023-2024_non-completo.pdf/@@download/file/Matricole%20Classe%20A%20-%20A.A.%202023.2024_non%20completo.pdf.txt,vuoto,vuoto,vuoto,vuoto,vuoto
IngegneriaScienzeInformatiche/giustificativo-per-il-datore-di-lavoro/index.txt,"Qual è l'obiettivo del modulo ""Giustificativo per il datore di lavoro""?",A. Cercare di certificare l'assenza lavorativa in caso di partecipazione alle lezioni o prove d'esame.,B. Confermare la validità di un'iscrizione al corso.,C. Promuovere la ricerca di nuovi lavori.,D. Confermare la validità di un'iscrizione ad un'altra università.
IngegneriaScienzeInformatiche/servizi-di-orientamento/index.txt,Qual è il servizio di tutorato del corso di studio?,A. Il servizio di tutorato del corso di studio fornisce indicazioni sull’organizzazione e la didattica degli insegnamenti.,B. Il servizio di tutorato del corso di studio aiuta nella scelta del corso di studio.,C. Il servizio di tutorato del corso di studio aiuta nella scelta della laurea.,D. Il servizio di tutorato del corso di studio aiuta nella compilazione del piano di studi.
IngegneriaScienzeInformatiche/prospettive/index.txt,"Qual è la principale funzione del ruolo di Analista, Progettista e Programmatore di Software?","A. Analizzare, progettare e sviluppare nuove applicazioni informatiche e/o evoluzione di applicazioni software esistenti.",B. Sviluppare applicazioni che operano su architetture complesse.,C. Progettare sistemi informativi e database di media complessità.,D. Sviluppare applicazioni basate sulle tecnologie e i linguaggi legati al mondo web.
IngegneriaScienzeInformatiche/informazioni-sul-sito-e-accessibilita/index.txt,Qual è l'obiettivo principale del sito web del corso?,A. Presentazione del corso,B. Accessibilità del sito,C. Ragionamento del corso,D. Fornire informazioni sull'accessibilità del sito
IngegneriaScienzeInformatiche/borse-di-studio-tesi-estero/index.txt,Qual è il periodo massimo di validità per il soggiorno all'estero?,A. Sei mesi,B. Nove mesi,C. Otto mesi,D. Diez mesi
IngegneriaScienzeInformatiche/aule-laboratori-biblioteche/index.txt,Qual è l'obiettivo principale delle sale studio Alfa Albatros e Beta a Cesena?,A. Ricercati individuali o di gruppo,B. Lo svolgimento dell'attività didattica,C. La guida dei docenti,D. La distribuzione di materiale didattico
IngegneriaScienzeInformatiche/calcolo-del-voto-di-laurea/index.txt,Qual è la media di laurea in Ingegneria e scienze informatiche?,A. La media in trentesimi viene sommata alla media ponderata di tutti gli esami con voto in trentesimi sostenuti nel piano di studio.,B. La media in trentesimi viene calcolata in base alla media delle idoneità.,C. La media in trentesimi viene calcolata in base alla media degli esami sostenuti in sovrannumero rispetto al piano di studio.,D. La media in trentesimi viene calcolata in base alla media degli esami sostenuti nell'anno precedente.
IngegneriaScienzeInformatiche/formazione-obbligatoria-su-sicurezza-e-salute/index.txt,Qual è l'obbligatorio percorso formativo sulla salute e sicurezza nei luoghi di lavoro previsti dal Decreto Legislativo 81/2008?,A. La formazione generale (Modulo 1) svolta presso l’Ateneo di Bologna o altro ente,"B. La formazione specifica (Moduli 2, 3, 4) svolta presso l’Ateneo di Bologna","C. La formazione specifica (Moduli 2, 3, 4) svolta presso altri enti, scuole e organizzazioni",D. La formazione generale (Modulo 1) svolta presso un'altra università
IngegneriaScienzeInformatiche/completa-procedura-immatricolazione/index.txt,Qual è l'obiettivo della validazione dell'identità digitale?,A. Associare l’account nome.cognome@studio.unibo.it a quanto hai dichiarato in fase di immatricolazione.,B. Confermare la validità del tuo accesso a Studenti Online.,C. Confermare la validità del tuo accesso al servizio WI-FI.,D. Confermare la validità del tuo accesso alle risorse bibliotecarie online.
IngegneriaScienzeInformatiche/tutor-del-corso/index.txt,Qual è la principale funzione del tutor nel corso di studio?,A. La funzione di interfaccia tra gli studenti e il corso,B. La funzione di supporto personalizzato all'apprendimento,C. La funzione di segnalazione di eventuali richieste logistiche,D. La funzione di organizzazione delle attività didattiche
IngegneriaScienzeInformatiche/sistema-bibliotecario-di-ateneo-informazioni-e-supporto-da-studente-a-studente-tramite-livechat-su-teams/index.txt,"Qual è il principale objetivo del servizio ""Sistema Bibliotecario di Ateneo - Informazioni e supporto da studente a studente tramite LiveChat su Teams""?",A. Aiutar gli studenti nella ricerca di informazioni e materiale utile per la preparazione degli esami e la stesura della tesi.,B. Promuovere la ricerca di informazioni su internet.,C. Fornire supporto tecnico agli studenti.,D. Organizzare la struttura della biblioteca universitaria.
IngegneriaScienzeInformatiche/tolc-cos-e-e-come-si-svolge/index.txt,Qual è la validità del TOLC per iscriversi al Corso di Ingegneria?,A. Il TOLC in presenza (TOLC@UNI) svolti nel 2024 sono validi.,B. Il TOLC in presenza (TOLC@UNI) svolti nel 2023 sono validi.,C. Il TOLC@casa svolti nel 2023 sono validi.,D. Il TOLC@casa svolti nel 2024 sono validi.
IngegneriaScienzeInformatiche/qualita-corso/index.txt,Qual è il tasso di laureati per questo corso?,A. 30.1%,B. 32.3%,C. 41%,D. Non disponibile
IngegneriaScienzeInformatiche/qualita-corso/@@esami-voto-medio/index.txt,Qual è la natura del corso in cifre?,A. Il corso in cifre è un corso di laurea in Ingegneria e scienze informatiche.,B. Il corso in cifre è un corso di laurea in Scienze informatiche.,C. Il corso in cifre è un corso di laurea in Matematica.,D. Il corso in cifre è un corso di laurea in Ingegneria elettronica.
IngegneriaScienzeInformatiche/compilare-piano-di-studi/index.txt,Qual è l'obbligatorio per poter chiudere correttamente il piano di studi?,A. Scegliere fin da ora come si vorrà svolgere la prova finale.,B. Presentare il piano di studi correttamente.,C. Compilare il modulo del piano di studi.,D. Confermare la validità del piano di studi.
IngegneriaScienzeInformatiche/studiare/index.txt,Qual è l'obiettivo principale del corso di laurea in Ingegneria Scienze Informatiche?,A. Fornire alle studenti le competenze necessarie per lavorare nel campo dell'ingegneria informatica.,B. Fornire alle studenti la conoscenza di tutti i concetti di informatica.,C. Fornire alle studenti la capacità di lavorare con tecnologia.,D. Fornire alle studenti la capacità di scrivere tesi su informatica.
IngegneriaScienzeInformatiche/frequenza-delle-lezioni/index.txt,Qual è l'importanza della frequenza delle lezioni in questo corso?,A. La frequenza delle lezioni non è obbligatoria ma è fortemente consigliata. La partecipazione costante alle lezioni rende più fruttuoso e veloce il percorso di studi.,B. La frequenza delle lezioni è obbligatoria per ottenere la laurea.,C. La frequenza delle lezioni aiuta a ottenere migliori risultati agli esami.,D. La frequenza delle lezioni aiuta a costruire progetti con altri studenti.
IngegneriaScienzeInformatiche/contatti/index.txt,Qual è il servizio che aiuta gli studenti con disabilità o DSA?,A. Servizio per gli Studenti con Disabilità o con DSA,B. Tutor di orientamento,C. Ufficio didattico,D. Servizio per la consegna dei documenti
IngegneriaScienzeInformatiche/tirocini-curriculari-in-scuole-e-organizzazioni-no-profit/index.txt,Qual è l'obiettivo principale di questo corso di tirocinio?,A. Dare la possibilità agli studenti di svolgere attività e progetti di tirocinio curriculare in scuole e enti/strutture pubbliche.,B. Promuovere la ricerca universitaria.,C. Fornire supporto alle scuole e agli enti.,D. Promuovere la formazione degli docenti.
IngegneriaScienzeInformatiche/tirocini-curriculari-in-scuole-e-organizzazioni-no-profit/tutorial_stipulaconvenzioni.pdf/@@download/file/Tutorial_StipulaConvenzioni.pdf.txt,Qual è l'obiettivo della pagina di accesso al portale per la stipula della convenzione?,A. Svolgere l’attività di tirocinio nella propria scuola.,B. Confermare la correttezza dei dati inseriti.,C. Inserire il codice fiscale.,D. Accessare il proprio account una volta completato l’accreditamento.
IngegneriaScienzeInformatiche/sistema-di-assicurazione-di-qualita/index.txt,Qual è l'obiettivo principale del Corso?,A. La progettazione dei contenuti formativi e la pianificazione delle risorse.,B. L'organizzazione delle attività formative e dei servizi didattici.,C. La raccolta di dati e informazioni anche attraverso il confronto con gli studenti e i rappresentanti del mondo del lavoro.,D. Il monitoraggio dell'efficacia del percorso formativo e la programmazione di interventi di miglioramento della didattica e dei servizi.
IngegneriaScienzeInformatiche/bacheca/rss.xml,"Qual è il programma di formazione ""Start-up creation lab""?",A. Un percorso di formazione gratuito per l’imprenditorialità dedicato a giovani talenti.,B. Un corso di laurea in Ingegneria Scienze Informatiche.,C. Un corso di formazione post-laurea in Management.,D. Un corso di formazione in leadership.
IngegneriaScienzeInformatiche/bacheca/index.txt,Qual è il messaggio principale del testo?,A. Il testo descrivere la possibilità di conciliare studio e lavoro.,B. Il testo descrivere le nuove corsi di laurea.,C. Il testo descrivere le nuove eventi organizzati dall'università.,D. Il testo descrivere le nuove norme per gli studenti.
IngegneriaScienzeInformatiche/bacheca/cosa-ne-pensi-dell-universita/index.txt,Qual è l'obiettivo principale degli atenei nell'improvemento dell'università?,A. Migliorare la qualità dei servizi.,B. Promuovere la ricerca universitaria.,C. Promuovere la formazione universitaria.,D. Promuovere la sicurezza universitaria.
IngegneriaScienzeInformatiche/bacheca/@@archivio-notizie_b_start_int=24/index.txt,Qual è il tema del primo Hackathon europeo promosso da EUDIS?,A. L’innovazione digitale per la difesa,B. La tecnologia nei lavori,C. La sicurezza informatica,D. La ricerca universitaria
IngegneriaScienzeInformatiche/bacheca/chiusura-sede-per-festivita_2024/index.txt,Qual è la data in cui la sede del Campus di Cesena sarà chiusa per la Festa della Liberazione?,A. Giovedì 25 aprile e venerdì 26 aprile,B. Giovedì 26 aprile e venerdì 27 aprile,C. Mercoledì 1 maggio e venerdì 2 maggio,D. Giovedì 25 aprile e mercoledì 1 maggio
IngegneriaScienzeInformatiche/bacheca/@@archivio-notizie_b_start_int=0/index.txt,Qual è il tema del video contest dell’Alma Mater Fest 2024?,A. L’intelligenza artificiale,B. La storia della tecnologia,C. La storia della musica elettronica,D. La storia della letteratura italiana
IngegneriaScienzeInformatiche/bacheca/vuoi-iscriverti-all-universita-ma-lavori-oppure-sei-un-atleta-le-agevolazioni-per-far-bene-tutto/index.txt,Vuoi iscriverti all’università ma lavori oppure sei un atleta: le agevolazioni per far bene tutto sono...,A. Le agevolazioni per far bene tutto sono disponibili per gli studenti che si iscrivano all’università ma lavori o per gli atleti.,B. Le agevolazioni per far bene tutto sono disponibili per gli studenti che si iscrivano all’università ma lavori.,C. Le agevolazioni per far bene tutto sono disponibili per gli atleti.,D. Le agevolazioni per far bene tutto sono disponibili per gli studenti che si iscrivano all’università ma lavori o per gli atleti.
IngegneriaScienzeInformatiche/bacheca/incontro-outgoing-bando-erasmus-studio-2024-2025-venerdi-12-gennaio-ore-13-00/index.txt,Qual è l'obiettivo dell'incontro outgoing Erasmus studio 2024-2025 in inglese?,A. Fornire informazioni sull'incontro.,B. Presentare la candidatura.,C. Organizzare la riunione via Teams.,D. Promuovere la candidatura ad un corso di studio.
IngegneriaScienzeInformatiche/bacheca/programma-di-formazione-per-24-studenti-con-un-percorso-in-ambito-ict/index.txt,Qual è l'obiettivo del programma annuale di formazione [“Seeds for the Future”]?,A. Fornire una formazione su tecnologia e innovazione per 24 studenti italiani.,B. Promuovere la ricerca universitaria in Italia.,C. Fornire una formazione su nuovi tecnologie.,D. Promuovere la formazione di nuovi laureati.
IngegneriaScienzeInformatiche/bacheca/eudis-hackathon/index.txt,Qual è l'obiettivo del primo Hackathon europeo sull’innovazione digitale per la difesa?,A. Involgere giovani e imprese nel rafforzare l’innovazione nel settore della difesa nell’Unione Europea.,B. Promuovere la ricerca universitaria in campo di difesa.,C. Crea nuovi standard di sicurezza per le infrastrutture sottomarine.,D. Migliorare la resilienza delle reti contro le minacce informatiche.
IngegneriaScienzeInformatiche/bacheca/eudis-hackathon/cefriel-eudis-1_informative-flyer.pdf/@@download/file/Cefriel%20-%20EUDIS.1_Informative%20Flyer.pdf.txt,Qual è l'obiettivo principale di un hackathon?,A. Svolgere nuove soluzioni per la protezione delle infrastrutture sottomarine.,B. Giocare in un ambiente internazionale.,C. Impara nuove competenze in informatica.,D. Vincere un premio italiano.
IngegneriaScienzeInformatiche/bacheca/cla-centro-linguistico-di-ateneo-sono-aperte-le-iscrizioni-ai-corsi-di-lingue-straniere-francese-inglese-spagnolo-e-tedesco-che-prevedono-quota-di-iscrizione/index.txt,Qual è l'obiettivo principale dei corsi di lingue straniere con quota di iscrizione?,A. Per aumentare la conoscenza del linguaggio inglese.,B. Per aumentare la conoscenza del linguaggio francese.,C. Per aumentare la conoscenza del linguaggio tedesco.,D. Per aumentare la conoscenza del linguaggio spagnolo.
IngegneriaScienzeInformatiche/bacheca/2-premi-per-tesi-per-attivita-di-volontariato/index.txt,Qual è il valore del premio per la tesi per attività di volontariato?,A. 1.200 €,B. 600 €,C. 1.800 €,D. 2.400 €
IngegneriaScienzeInformatiche/bacheca/borse-di-studio-per-preparazione-o-approfondimento-della-tesi-finale-all-estero/index.txt,Qual è la scadenza della borsa di studio per la preparazione o approfondimento della tesi finale all'estero?,A. Ore 13 del 13 marzo 2024.,B. Ore 13 del 14 marzo 2024.,C. Ore 13 del 15 marzo 2024.,D. Ore 13 del 16 marzo 2024.
IngegneriaScienzeInformatiche/bacheca/far-parte-dell-alma-mater/index.txt,Qual è il nome del corso di laurea in Ingegneria e scienze informatiche?,A. Laurea in IngegneriaScienzeInformatiche,B. Laurea in Scienze Informatiche,C. Laurea in Ingegneria,D. Laurea in Scienze Applicate
IngegneriaScienzeInformatiche/bacheca/la-biblioteca-ha-bisogno-di-te/index.txt,Qual è l'obiettivo della biblioteca della facoltà di Ingegneria e scienze informatiche?,A. Organizzare incontri formativi.,B. Promuovere la ricerca universitaria.,C. Crea un questionario online.,D. Promuovere la lettura di libri.
IngegneriaScienzeInformatiche/bacheca/@@archivio-eventi/index.txt,"Qual è l'obiettivo dell'evento ""Obiettivo Tesi senza stress""?",A. Insegnare tecniche di scrittura e organizzare efficacemente la tesi.,B. Enseñar la storia della tesi.,C. Promuovere la ricerca di tesi.,D. Fornire informazioni sull'organizzazione della tesi.
IngegneriaScienzeInformatiche/bacheca/festivita-pasquali-chiusura-campus-via-dell-universita-50/index.txt,Qual è la data in cui la sede del Campus di Cesena sarà chiusa per le festività Pasquali?,A. Il 29 marzo e il 01 aprile,B. Il 28 marzo e il 02 aprile,C. Il 27 marzo e il 03 aprile,D. Il 26 marzo e il 04 aprile
IngegneriaScienzeInformatiche/bacheca/iscriversi-all-universita-dai-testi-di-ammissione-alle-strategie-di-studio/index.txt,Qual è l'obiettivo principale delle Giornate dell’Orientamento?,A. Forneire informazioni sull'ammissione alla università.,B. Ensegnire alle nuove studenti come si studiano all’università.,C. Raggiungere la laurea.,D. Promuovere la partecipazione alle giornate di orientamento.
IngegneriaScienzeInformatiche/bacheca/premi-di-studio-unibo-for-refugees/index.txt,Qual è il corso di laurea in Ingegneria e scienze informatiche sull'Università di Bologna?,A. Laurea in Ingegneria e scienze informatiche,B. Laurea in Scienze informatiche,C. Laurea in Ingegneria industriale,D. Laurea in Scienze della computazione
IngegneriaScienzeInformatiche/bacheca/career-talks-trova-la-tua-strada/index.txt,Qual è l'obiettivo principale del evento Career Talks - Trova la tua strada?,A. Allargare le tue prospettive di carriera.,B. Orientare personalmente gli studenti.,C. Promuovere la passione personale.,D. Fornire informazioni sull'organizzazione del corso.
108_IngegneriaScienzeInformatiche/bacheca/career-talks-trova-la-tua-strada/ics_view/index.txt,vuoto,vuoto,vuoto,vuoto,vuoto
IngegneriaScienzeInformatiche/bacheca/partecipa-agli-eventi-del-servizio-per-studentesse-e-studenti-con-dsa/index.txt,Qual è l'obiettivo principale del corso di Ingegneria Scienze Informatiche?,A. Fornire una formazione universitaria di livello internazionale,B. Promuovere la ricerca universitaria,C. Fornire una formazione professionale in campo informatico,D. Promuovere la crescita economica della città di Bologna
IngegneriaScienzeInformatiche/bacheca/collegio-superiore-online-il-bando-di-ammissione-ai-corsi/index.txt,Qual è la scadenza del bando di ammissione ai corsi del Collegio Superiore di Ingegneria e Scienze Informatiche?,A. 14 giugno,B. 14 luglio,C. 14 agosto,D. 14 settembre
IngegneriaScienzeInformatiche/bacheca/@@archivio-notizie_b_start_int=12/index.txt,Qual è il messaggio principale del testo?,A. Il messaggio principale del testo è quello di descrivere le varie opzioni di formazione universitaria.,B. Il messaggio principale del testo è quello di descrivere le spese associate alle spese sanitarie per chi studia fuori sede.,C. Il messaggio principale del testo è quello di descrivere la storia della università di Bologna.,D. Il messaggio principale del testo è quello di descrivere la qualità dei servizi dell'università di Bologna.
IngegneriaScienzeInformatiche/bacheca/@@archivio-notizie_b_start_int=36/index.txt,Qual è l'obiettivo principale del corso di lingue straniere con quota di iscrizione?,A. Per aiutare gli studenti a superare l'idoneità linguistica.,B. Per aiutare gli studenti a ottenere una laurea.,C. Per aiutare gli studenti a ottenere una borsa di studio.,D. Per aiutare gli studenti a ottenere un diploma universitario.
IngegneriaScienzeInformatiche/bacheca/l-universita-e-per-tutte-le-persone/index.txt,Qual è l'obiettivo principale delle Giornate dell’Orientamento?,A. Presentare le persone e i servizi a supporto,B. Valorizzare e rispettare le diversità,C. Enseñar la storia della università,D. Promuovere la partecipazione agli eventi
IngegneriaScienzeInformatiche/bacheca/@@archivio-notizie_b_start_int=48/index.txt,Qual è la scadenza della Call for StartUp?,A. 8 febbraio 2024,B. 8 febbraio 2023,C. 31 gennaio 2024,D. Il 27 e 28 febbraio 2024
IngegneriaScienzeInformatiche/bacheca/novita-tolc-2024-25/index.txt,Qual è l'obiettivo principale del corso di laurea in Ingegneria e scienze informatiche?,A. Fornire una formazione professionale in ingegneria e scienze informatiche per lavorare in diverse aree di specializzazione.,B. Fornire una formazione universitaria generale.,C. Fornire una formazione in scienze informatiche.,D. Fornire una formazione in ingegneria civile.
IngegneriaScienzeInformatiche/bacheca/@@archivio-notizie/index.txt,Qual è il tema del video contest dell’Alma Mater Fest 2024?,A. L’intelligenza artificiale,B. La storia della tecnologia,C. La storia della scienza,D. La storia della musica
IngegneriaScienzeInformatiche/bacheca/masterclass-generative-ai-for-everyday-life-and-academic-research/index.txt,Qual è l'obiettivo della conferenza organizzata dall'università di Bologna sull'impatto dell'AI sulle persone?,A. Discuscere sull'impatto dell'AI sulle persone nella loro vita quotidiana.,B. Presentare nuovi svilmenti nell'utilizzo dell'AI in campo educativo.,C. Promuovere l'utilizzo dell'AI per risolvere problemi di sicurezza.,D. Esplorare l'utilizzo dell'AI per sviluppare nuovi modelli di learning analytics.
IngegneriaScienzeInformatiche/bacheca/chiusura-estiva-campus-di-cesena2024/index.txt,Qual è la chiusura estiva del Campus di Cesena?,A. Dal 10 al 18 agosto 2024.,B. Dal 12 al 16 agosto 2024.,C. Dal 14 al 18 agosto 2024.,D. Dal 10 al 14 agosto 2024.
